{
  "hash": "14db451d",
  "configHash": "6aa5741f",
  "lockfileHash": "b1590b28",
  "browserHash": "5ef8fae0",
  "optimized": {
    "@angular/common": {
      "src": "../../../../../../node_modules/@angular/common/fesm2022/common.mjs",
      "file": "@angular_common.js",
      "fileHash": "2b7aface",
      "needsInterop": false
    },
    "@angular/common/http": {
      "src": "../../../../../../node_modules/@angular/common/fesm2022/http.mjs",
      "file": "@angular_common_http.js",
      "fileHash": "aff91e6d",
      "needsInterop": false
    },
    "@angular/core": {
      "src": "../../../../../../node_modules/@angular/core/fesm2022/core.mjs",
      "file": "@angular_core.js",
      "fileHash": "ffd833a3",
      "needsInterop": false
    },
    "@angular/forms": {
      "src": "../../../../../../node_modules/@angular/forms/fesm2022/forms.mjs",
      "file": "@angular_forms.js",
      "fileHash": "e5c4c5d4",
      "needsInterop": false
    },
    "@angular/platform-browser": {
      "src": "../../../../../../node_modules/@angular/platform-browser/fesm2022/platform-browser.mjs",
      "file": "@angular_platform-browser.js",
      "fileHash": "060bfa06",
      "needsInterop": false
    }
  },
  "chunks": {
    "chunk-2FCMDCEH": {
      "file": "chunk-2FCMDCEH.js"
    },
    "chunk-N3HOD6SC": {
      "file": "chunk-N3HOD6SC.js"
    },
    "chunk-CJRJJIWP": {
      "file": "chunk-CJRJJIWP.js"
    }
  }
}