{
  "hash": "1199aecc",
  "configHash": "e594e28a",
  "lockfileHash": "b1bb696b",
  "browserHash": "33f0aad9",
  "optimized": {
    "@angular/animations": {
      "src": "../../../../../node_modules/@angular/animations/fesm2022/animations.mjs",
      "file": "@angular_animations.js",
      "fileHash": "dc0d0f7a",
      "needsInterop": false
    },
    "@angular/common": {
      "src": "../../../../../node_modules/@angular/common/fesm2022/common.mjs",
      "file": "@angular_common.js",
      "fileHash": "8ff34bf5",
      "needsInterop": false
    },
    "@angular/common/http": {
      "src": "../../../../../node_modules/@angular/common/fesm2022/http.mjs",
      "file": "@angular_common_http.js",
      "fileHash": "e4023e03",
      "needsInterop": false
    },
    "@angular/core": {
      "src": "../../../../../node_modules/@angular/core/fesm2022/core.mjs",
      "file": "@angular_core.js",
      "fileHash": "e66bfb81",
      "needsInterop": false
    },
    "@angular/forms": {
      "src": "../../../../../node_modules/@angular/forms/fesm2022/forms.mjs",
      "file": "@angular_forms.js",
      "fileHash": "decac215",
      "needsInterop": false
    },
    "@angular/platform-browser": {
      "src": "../../../../../node_modules/@angular/platform-browser/fesm2022/platform-browser.mjs",
      "file": "@angular_platform-browser.js",
      "fileHash": "acf45fc7",
      "needsInterop": false
    },
    "@angular/platform-browser/animations": {
      "src": "../../../../../node_modules/@angular/platform-browser/fesm2022/animations.mjs",
      "file": "@angular_platform-browser_animations.js",
      "fileHash": "830ebbd7",
      "needsInterop": false
    },
    "@angular/router": {
      "src": "../../../../../node_modules/@angular/router/fesm2022/router.mjs",
      "file": "@angular_router.js",
      "fileHash": "a55d4048",
      "needsInterop": false
    },
    "rxjs": {
      "src": "../../../../../node_modules/rxjs/dist/esm5/index.js",
      "file": "rxjs.js",
      "fileHash": "d5d68bd9",
      "needsInterop": false
    }
  },
  "chunks": {
    "chunk-6DJBTUTQ": {
      "file": "chunk-6DJBTUTQ.js"
    },
    "chunk-Y6VDGAZN": {
      "file": "chunk-Y6VDGAZN.js"
    },
    "chunk-2IRRX5HF": {
      "file": "chunk-2IRRX5HF.js"
    },
    "chunk-T76FZRMF": {
      "file": "chunk-T76FZRMF.js"
    },
    "chunk-6JJ7KVRE": {
      "file": "chunk-6JJ7KVRE.js"
    },
    "chunk-T4QU4GDF": {
      "file": "chunk-T4QU4GDF.js"
    }
  }
}